Major/Minor Line,Original Currency Amount
111,9938.44
119,2.4799999999999995
201,697.6800000000001
202,2.0
205,92.34
209,396.0
301,21.58
302,799.7099999999999
1307,56.230000000000004
1901,523.46
1902,1635.2
1938,0.29000000000000004
1968,101.71999999999998
1981,39.58999999999998
2331,1265.09
2334,8.9
2339,56.940000000000005
2342,1386.0
3038,2970.0
3430,6672.5999999999985
3434,1782.0
3551,29700.0
3556,49700.0
3740,198.0
3742,297.0
3802,1559.2600000000002
4138,3613.51
