Minor Code,Amount
111,9938.44
119,2.480000000000002
201,697.6800000000001
202,2.0
205,92.34
209,396.0
301,21.580000000000002
302,799.7099999999998
1307,56.230000000000004
1901,523.46
1902,1635.1999999999996
1938,0.2899999999999999
1968,101.72
1981,39.59000000000002
2331,1265.0900000000004
2334,8.899999999999999
2339,56.940000000000005
2342,1385.9999999999998
3038,2970.0
3430,6672.599999999997
3434,1782.0000000000002
3551,29700.0
3556,49700.0
3740,198.0
3742,297.0
3802,1559.2600000000002
4138,3613.51
