Policy No.,Premium
100000003,69.72
300000003,3987.51
800000001,9900.0
1300000001,1375.0
1900000004,1700.89
2100000001,4654.890000000001
2300000001,2100.1800000000003
3000000003,5500.0
4500000006,130.46
