Policy No.,Premium
100000002,136.25
100000003,148.38000000000002
100000004,50000.0
200000001,1000.0
200000002,1000.0
200000004,3500.0
200000005,3.38
200000007,158.1
300000001,4100.0
300000003,5150.0
600000001,22000.0
600000002,9000.0
600000003,2700.0
600000004,9000.0
800000001,18000.0
1300000001,2500.0
1900000001,383.55
1900000003,23.81
1900000004,3092.5200000000004
1900000005,93.07
2100000001,4938.93
2100000003,14444.460000000003
2100000004,14444.460000000003
2300000001,2911.15
2300000003,7000.0
2600000001,350000.0
2600000002,150000.0
2600000004,150000.0
3000000001,5000.0
3000000002,5000.0
3000000003,10000.0
4500000002,300.39
4500000004,150.0
4500000005,265.0
4500000006,300.39
