Policy No.,Premium
100000003,-21.620000000000015
200000005,7.79
300000003,288.75
800000001,137.51
1900000003,38.080000000000005
2300000001,1413.9900000000005
2300000003,0.0
4500000001,0.0
4500000004,73.69
4500000005,12.370000000000001
