Policy No.,Premium
100000003,-39.21999999999998
200000002,200.0
200000004,700.0
200000005,14.16
200000007,94.85999999999999
300000003,525.0
800000001,250.0
1900000003,69.25999999999999
2100000001,3524.5
2100000004,-1.907807245515869e-12
2300000001,2570.8999999999996
2300000003,0.0
3000000002,1250.0
4500000001,0.0
4500000004,134.0
4500000005,22.5
4500000006,-63.230000000000004
