PolicyNumber,Cover_Ledger_value,OGIS_Value
100000003,-39.21999999999998,-39.22
200000002,200.0,200.0
200000004,700.0,700.0
200000005,14.16,14.16
200000007,94.85999999999999,94.85999999999999
300000003,525.0,525.0
800000001,250.0,250.0
1900000003,69.25999999999999,69.26
2100000001,3524.5,3524.5
2100000004,-1.907807245515869e-12,-1.4299672557172016e-13
2300000001,2570.8999999999996,2570.9
3000000002,1250.0,1250.0
4500000004,134.0,134.0
4500000005,22.5,22.5
4500000006,-63.230000000000004,-63.23
