PolicyNumber,Cover_Ledger_value,OGIS_Value
100000003,133.5,133.5
200000001,1000.0,1000.0
200000002,1000.0,1000.0
200000004,3500.0,3500.0
300000003,7250.0,7250.0
800000001,18000.0,18000.0
1300000001,2500.0,2500.0
1900000001,383.55,383.55
1900000004,3092.5200000000004,3092.5200000000004
1900000005,93.07,93.07
2100000001,8463.43,8463.43
2300000001,3818.5199999999995,3818.52
3000000003,10000.0,10000.0
4500000001,300.39,300.39
4500000004,284.0,284.0
4500000005,287.5,287.5
4500000006,237.15999999999997,237.16000000000003
