PolicyNumber,Cover_Ledger_value,OGIS_Value
100000003,-21.620000000000015,-21.62
200000005,7.79,7.79
300000003,288.75,288.75
800000001,137.51,137.51
1900000003,38.080000000000005,38.08
2300000001,1413.9900000000005,1413.9899999999998
4500000004,73.69,73.69
4500000005,12.370000000000001,12.37
