PolicyNumber,Cover_Ledger_value,OGIS_Value
100000002,73.05,73.05
100000004,27500.0,27500.0
200000001,550.0,550.0
200000002,550.0,550.0
200000004,1925.0,1925.0
200000005,1.86,1.86
300000001,2255.0,2255.0
600000001,12100.0,12100.0
600000002,4950.0,4950.0
600000003,1485.0,1485.0
600000004,4950.0,4950.0
1900000003,13.110000000000001,13.11
1900000005,51.190000000000005,51.19
2300000003,3850.0,3850.0
2600000001,245000.0,245000.0
2600000002,82500.0,82500.0
2600000004,105000.0,105000.0
3000000001,2750.0,2750.0
4500000002,165.22999999999996,165.23
4500000004,82.50999999999999,82.51
4500000005,145.76999999999995,145.76999999999998
