Claim Number,Ins.-R/I Type,Original Currency Amount
0,82,38785.610000000015
0,83,38785.610000000015
0,87,35944.8
