Policy number,Original Currency Amount
100000003,-39.22
200000002,200.0
200000004,700.0
200000005,14.16
200000007,94.85999999999999
300000003,525.0
800000001,250.0
1900000003,69.26
2100000001,3524.5
2100000004,-1.4299672557172016e-13
2300000001,2570.9
3000000002,1250.0
4500000004,134.0
4500000005,22.5
4500000006,-63.23
