Policy number,Ins.-R/I Type,Original Currency Amount
100000002,82,25.57
100000002,83,25.57
100000002,87,21.91
100000004,82,9625.0
100000004,83,9625.0
100000004,87,8250.0
200000001,82,192.5
200000001,83,192.5
200000001,87,165.0
200000002,82,192.5
200000002,83,192.5
200000002,87,165.0
200000004,82,673.75
200000004,83,673.75
200000004,87,577.5
200000005,82,0.65
200000005,83,0.65
200000005,87,0.56
300000001,82,789.25
300000001,83,789.25
300000001,87,676.5
600000001,82,4235.0
600000001,83,4235.0
600000001,87,3630.0
600000002,82,1732.5
600000002,83,1732.5
600000002,87,1485.0
600000003,82,519.75
600000003,83,519.75
600000003,87,445.5
600000004,82,1732.5
600000004,83,1732.5
600000004,87,1485.0
1900000003,82,4.59
1900000003,83,4.59
1900000003,87,3.93
1900000005,82,17.92
1900000005,83,17.92
1900000005,87,15.35
2300000003,82,1347.5
2300000003,83,1347.5
2300000003,87,1155.0
2600000001,82,85750.0
2600000001,83,85750.0
2600000001,87,73500.0
2600000002,82,28875.0
2600000002,83,28875.0
2600000002,87,24750.0
2600000004,82,36750.0
2600000004,83,36750.0
2600000004,87,31500.0
3000000001,82,962.5
3000000001,83,962.5
3000000001,87,825.0
4500000002,82,57.839999999999996
4500000002,83,57.839999999999996
4500000002,87,49.550000000000004
4500000004,82,28.88
4500000004,83,28.88
4500000004,87,24.75
4500000005,82,51.02
4500000005,83,51.02
4500000005,87,43.73
